name,p7,p6,p5,p4,p3,p2,p1,p1*,p2*,percent_muts,atom_diff,angle_diff,di_diff,coord_diff,plddt,rmsd,person,type,avg,pass
tev_msa_temp_1_fix_70_design_8_S219N_interface_reduced_temp_3_design_19_baker_5,0.047,0.04,-0.115,-0.156,-0.197,-0.07,1.559,-0.519,-0.04,0.061,-0.016,0.027,0.007,0.767,94.659,1.041,baker,reduced,-0.048333333,1
tev_msa_temp_1_fix_70_design_8_S219N_interface_reduced_temp_3_design_19_baker_6,0.043,0.005,-0.075,-0.193,-0.205,-0.057,1.397,-0.546,-0.102,0.07,-0.019,0.025,-0.001,1.125,94.331,1.015,baker,reduced,-0.042333333,1
tev_msa_temp_1_fix_70_design_6_S219N_interface_reduced_temp_3_design_6_baker_5,1.064,0.324,-0.076,-0.116,-0.186,-0.252,2.366,-0.284,0.321,0.065,-0.018,0.006,0.012,0.174,94.331,1.059,baker,reduced,-0.001333333,1
tev_msa_temp_1_fix_70_design_8_S219N_interface_reduced_temp_3_design_19,0.133,-0.049,-0.011,-0.283,-0.167,-0.352,1.249,-0.484,-0.092,0.224,-0.018,0.016,0,-0.25,93.658,0.983,me,reduced,-0.137333333,1
tev_msa_temp_1_fix_70_design_8_S219N_interface_reduced_temp_3_design_19_ting_0,0.097,-0.18,0.007,-0.304,-0.221,-0.396,1.462,-0.502,0.036,0.229,-0.013,0.026,0.003,-1.222,94.164,0.964,ting,reduced,-0.189666667,1
tev_msa_temp_1_fix_70_design_8_S219N_interface_reduced_temp_3_design_19_ting_2,0.079,-0.123,0.005,-0.185,-0.242,-0.368,1.598,-0.55,0.042,0.234,-0.017,0.018,0,-1.211,94.082,0.956,ting,reduced,-0.162,1
tev_msa_temp_1_fix_70_design_6_S219N_interface_reduced_temp_2_design_6_baker_5,0.977,0.302,-0.034,-0.072,-0.24,-0.242,2.502,-0.684,0.192,0.065,-0.006,0.022,0.01,0.266,94.301,1.04,baker,reduced,0.008666667,0
tev_msa_temp_2_fix_70_design_2_S219V_interface_partial_temp_1_design_6_baker_3,0.161,0.831,-0.121,-0.962,-1.185,-0.009,0.266,-0.432,0.639,0.075,-0.013,0.018,0,1.259,94.745,0.991,baker,partial,0.233666667,0
tev_msa_temp_1_fix_70_design_11_S219N_interface_reduced_temp_3_design_1_baker_6,0.08,-0.055,0.924,-0.159,-0.941,-0.06,1.083,-0.524,-0.001,0.07,-0.013,0.035,-0.002,1.595,94.316,1.026,baker,reduced,0.269666667,0
tev_msa_temp_1_fix_70_design_11_S219N_interface_reduced_temp_3_design_1_baker_5,0.077,-0.038,0.924,-0.133,-0.895,-0.073,1.252,-0.499,0.037,0.061,-0.013,0.025,0.001,1.182,94.693,1.073,baker,reduced,0.271,0
tev_msa_temp_1_fix_70_design_11_S219N_interface_reduced_temp_3_design_1_baker_3,0.075,-0.042,0.921,-0.151,-0.936,-0.034,1.106,-0.48,-0.003,0.056,-0.014,0.039,-0.003,1.133,94.365,1.033,baker,reduced,0.281666667,0
tev_msa_temp_2_fix_70_design_2_S219V_interface_full_temp_2_design_7_baker_6,0.127,4.948,-0.365,-0.926,-1.164,-0.095,-0.515,-0.403,0.618,0.107,-0.018,0.017,-0.002,1.544,94.656,1.002,baker,full,1.496,0
tev_msa_temp_2_fix_70_design_2_S219V_interface_full_temp_2_design_7_baker_3,0.159,4.82,-0.266,-0.736,-1.108,-0.031,-0.445,-0.428,0.617,0.093,-0.03,0.017,-0.003,1.153,94.789,1.023,baker,full,1.507666667,0
tev_msa_temp_2_fix_70_design_2_S219V_interface_full_temp_2_design_7_baker_5,0.116,4.946,-0.329,-0.925,-1.167,-0.053,-0.346,-0.4,0.67,0.098,-0.023,0.008,0.005,1.173,94.947,1.054,baker,full,1.521333333,0
tev_msa_temp_2_fix_70_design_8_S219V_interface_reduced_temp_3_design_0_baker_6,0.066,0.045,0.245,-0.1,2.387,-0.403,-0.375,-0.559,0.25,0.065,-0.025,-0.011,0.034,0.765,94.199,1.003,baker,reduced,-0.037666667,0
tev_msa_temp_2_fix_70_design_8_S219V_interface_reduced_temp_3_design_0_baker_3,0.059,0.053,0.224,-0.193,2.365,-0.336,-0.382,-0.518,0.293,0.051,-0.017,-0.01,0.035,0.407,94.38,1.016,baker,reduced,-0.019666667,0
tev_msa_temp_2_fix_70_design_8_S219V_interface_reduced_temp_3_design_0_baker_5,0.046,0.097,0.218,-0.168,2.35,-0.373,-0.25,-0.535,0.33,0.056,-0.029,-0.018,0.049,0.491,94.745,1.045,baker,reduced,-0.019333333,0
tev_msa_temp_1_fix_70_design_2_S219N_interface_reduced_temp_3_design_16_baker_6,0.941,0.126,0.1,-0.173,-0.527,-0.182,-0.163,-0.627,0.239,0.079,-0.022,-0.013,0.031,1.581,93.524,1.007,baker,reduced,0.014666667,0
tev_msa_temp_1_fix_70_design_2_S219N_interface_reduced_temp_3_design_16_baker_5,0.911,0.149,0.095,-0.152,-0.547,-0.197,0.05,-0.591,0.292,0.07,-0.021,-0.02,0.046,0.809,93.878,1.072,baker,reduced,0.015666667,0
tev_msa_temp_1_fix_70_design_6_S219N_interface_reduced_temp_3_design_6_baker_6,1.065,0.337,0.009,-0.13,-0.136,-0.269,2.107,-0.276,0.193,0.075,-0.008,0.012,-0.001,0.531,94.183,1.029,baker,reduced,0.025666667,0
tev_msa_temp_1_fix_70_design_11_S219N_interface_reduced_temp_3_design_2_baker_5,0.899,0.131,0.095,-0.181,-0.287,-0.138,2.112,-0.611,0.242,0.065,-0.01,0.017,0.016,1.274,94.14,1.04,baker,reduced,0.029333333,0
tev_msa_temp_1_fix_70_design_6_S219N_interface_reduced_temp_3_design_6_baker_3,1.066,0.307,0.022,-0.153,-0.136,-0.231,2.133,-0.309,0.223,0.061,-0.005,0.022,-0.001,0.148,94.29,1.04,baker,reduced,0.032666667,0
tev_msa_temp_1_fix_70_design_11_S219N_interface_reduced_temp_3_design_2_baker_6,0.9,0.07,0.091,-0.227,-0.26,-0.056,1.879,-0.64,0.127,0.075,-0.018,0.031,0.002,1.626,93.498,1.033,baker,reduced,0.035,0
tev_msa_temp_1_fix_70_design_6_S219N_interface_reduced_temp_2_design_6_baker_6,0.991,0.33,0.006,-0.088,-0.217,-0.212,2.269,-0.679,0.089,0.075,-0.016,0.027,0.001,0.507,93.961,1.02,baker,reduced,0.041333333,0
tev_msa_temp_1_fix_70_design_11_S219N_interface_reduced_temp_3_design_2_baker_3,0.879,0.103,0.085,-0.204,-0.283,-0.058,1.868,-0.625,0.155,0.061,-0.018,0.032,0.002,1.232,93.831,1.041,baker,reduced,0.043333333,0
tev_msa_temp_1_fix_70_design_0_S219N_interface_reduced_temp_3_design_19_baker_6,0.927,0.126,0.13,-0.217,-0.993,-0.068,1.401,-0.308,0.013,0.07,-0.019,0.029,-0.006,1.292,94.465,1.022,baker,reduced,0.062666667,0
tev_msa_temp_1_fix_70_design_2_S219N_interface_reduced_temp_2_design_16_baker_6,0.916,0.264,0.194,-0.17,-0.44,-0.259,2.662,-0.5,0.166,0.07,-0.028,0.031,0,0.778,93.833,0.99,baker,reduced,0.066333333,0
tev_msa_temp_1_fix_70_design_2_S219N_interface_reduced_temp_2_design_16_baker_5,0.908,0.277,0.192,-0.169,-0.446,-0.214,2.833,-0.475,0.219,0.061,-0.01,0.03,0.006,0.529,94.095,1.053,baker,reduced,0.085,0
tev_msa_temp_1_fix_70_design_6_S219N_interface_reduced_temp_2_design_6_baker_3,0.986,0.269,0.11,-0.238,-0.232,-0.116,2.272,-0.707,0.115,0.061,-0.007,0.033,0,0.218,94.188,1.026,baker,reduced,0.087666667,0
tev_msa_temp_1_fix_70_design_2_S219N_interface_reduced_temp_3_design_16_baker_3,0.922,0.189,0.169,-0.142,-0.376,-0.086,2.652,-0.656,0.171,0.065,0,0.021,0.005,0.58,93.975,1.027,baker,reduced,0.090666667,0
tev_msa_temp_1_fix_70_design_2_S219N_interface_reduced_temp_2_design_16_baker_3,0.859,0.262,0.149,-0.267,-0.427,-0.077,2.626,-0.463,0.185,0.056,-0.028,0.035,-0.003,0.615,93.833,1.025,baker,reduced,0.111333333,0
tev_msa_temp_1_fix_70_design_14_S219N_interface_reduced_temp_3_design_1_baker_6,0.865,0.394,0.101,-0.072,-0.238,-0.09,1.198,-0.56,0.008,0.065,-0.024,0.027,-0.002,1.464,94.235,1.01,baker,reduced,0.135,0
tev_msa_temp_1_fix_70_design_14_S219N_interface_reduced_temp_3_design_1_baker_5,0.864,0.386,0.06,-0.145,-0.282,-0.01,1.348,-0.573,0.057,0.056,-0.027,0.013,0.004,1.073,94.473,1.058,baker,reduced,0.145333333,0
tev_msa_temp_2_fix_70_design_8_S219V_interface_partial_temp_1_design_4_baker_6,0.206,0.95,0.513,-1.186,-1.537,-0.157,-0.005,-0.353,0.649,0.103,-0.016,0.024,0.007,1.446,94.484,0.988,baker,partial,0.435333333,0
tev_msa_temp_2_fix_70_design_8_S219V_interface_partial_temp_1_design_4_baker_5,0.195,0.968,0.507,-1.178,-1.525,-0.14,0.216,-0.37,0.717,0.093,-0.011,0.014,0.017,1.023,94.759,1.037,baker,partial,0.445,0
tev_msa_temp_2_fix_70_design_8_S219V_interface_partial_temp_1_design_4_baker_3,0.19,0.946,0.509,-1.175,-1.554,-0.082,0.064,-0.368,0.704,0.089,-0.029,0.019,0.01,0.976,94.584,1.01,baker,partial,0.457666667,0
tev_msa_temp_2_fix_70_design_4_S219N_interface_partial_temp_1_design_1_baker_6,0.354,0.905,0.107,-0.029,-0.005,1.191,-0.224,-0.156,0.676,0.093,-0.024,0.016,0.008,0.534,93.27,0.983,baker,partial,0.734333333,0
tev_msa_temp_1_fix_70_design_14_S219V_interface_partial_temp_3_design_9_baker_3,0.267,0.801,-0.081,-0.845,-1.393,1.489,-0.398,-0.245,0.795,0.07,-0.029,0.02,0.035,1.158,94.777,0.983,baker,partial,0.736333333,0
tev_msa_temp_2_fix_70_design_4_S219N_interface_partial_temp_1_design_1_baker_3,0.337,0.917,0.111,-0.029,-0.002,1.247,-0.202,-0.172,0.686,0.079,-0.029,0.019,0.008,0.336,93.477,0.983,baker,partial,0.758333333,0
tev_msa_temp_1_fix_70_design_14_S219V_interface_partial_temp_3_design_9_baker_6,0.264,0.846,-0.068,-0.95,-1.407,1.51,-0.468,-0.219,0.745,0.084,-0.015,0.014,0.035,1.616,94.54,0.96,baker,partial,0.762666667,0
tev_msa_temp_1_fix_70_design_14_S219V_interface_partial_temp_3_design_9_baker_5,0.249,0.868,-0.082,-0.772,-1.44,1.526,-0.112,-0.227,0.747,0.075,-0.041,-0.004,0.036,0.669,94.948,0.991,baker,partial,0.770666667,0
tev_msa_temp_1_fix_70_design_14_S219N_interface_partial_temp_3_design_5_baker_6,0.298,0.667,0.734,-0.296,-0.323,2.02,-0.089,-0.875,0.148,0.112,-0.031,-0.027,-0.004,1.765,93.481,1.004,baker,partial,1.140333333,0
tev_msa_temp_1_fix_70_design_14_S219N_interface_partial_temp_3_design_5_baker_3,0.285,0.665,0.725,-0.292,-0.324,2.103,-0.08,-0.906,0.169,0.098,-0.039,-0.025,-0.003,1.175,93.778,0.991,baker,partial,1.164333333,0
tev_msa_temp_1_fix_70_design_8_S219V_interface_full_temp_2_design_13_baker_6,0.246,4.992,0.06,-0.306,-0.146,-0.364,-0.776,-0.302,0.266,0.103,-0.023,0.029,-0.002,1.298,94.552,1.035,baker,full,1.562666667,0
tev_msa_temp_1_fix_70_design_8_S219V_interface_full_temp_2_design_13_baker_5,0.233,4.988,0.072,-0.286,-0.075,-0.271,-0.515,-0.257,0.359,0.093,-0.024,0.012,0.007,0.839,94.777,1.052,baker,full,1.596333333,0
tev_msa_temp_1_fix_70_design_8_S219V_interface_full_temp_2_design_13_baker_3,0.254,4.977,0.086,-0.307,-0.092,-0.247,-0.759,-0.29,0.289,0.089,-0.023,0.022,-0.003,0.882,94.511,1.032,baker,full,1.605333333,0
tev_msa_temp_1_fix_70_design_14_S219N_interface_reduced_temp_1_design_3,1.443,0.109,-0.021,-0.166,-0.197,-0.068,2.347,-0.545,0.216,0.229,-0.019,0.011,0,-0.309,93.582,0.96,me,reduced,0.006666667,0
tev_msa_temp_2_fix_70_design_2_S219V_interface_full_temp_2_design_7,0.617,5.003,-0.094,-1.034,-1.314,-0.028,-0.337,-0.488,0.652,0.266,-0.014,0.002,-0.001,0.775,94.221,1.029,me,full,1.627,0
tev_msa_temp_2_fix_70_design_2_S219V_interface_full_temp_1_design_4,0.642,4.99,-0.055,-0.887,-1.289,-0.036,-0.328,-0.444,0.739,0.271,-0.012,0.003,0.002,0.975,94.266,1.007,me,full,1.633,0
tev_msa_temp_1_fix_70_design_14_S219N_interface_reduced_temp_3_design_1,1.44,0.13,0.014,-0.255,-0.209,-0.447,1.108,-0.486,0.126,0.22,-0.019,0.013,0.003,-0.472,93.938,0.897,me,reduced,-0.101,0
tev_msa_temp_1_fix_70_design_6_S219N_interface_reduced_temp_3_design_6,1.309,0.279,0.093,-0.142,-0.12,-0.484,2.224,-0.193,0.199,0.229,0,0.003,-0.004,0.075,93.464,0.977,me,reduced,-0.037333333,0
tev_msa_temp_2_fix_70_design_8_S219V_interface_reduced_temp_3_design_0,0.116,0.07,0.135,-0.312,2.304,-0.274,-0.141,-0.464,0.301,0.21,-0.024,-0.028,0.027,0.135,93.869,0.959,me,reduced,-0.023,0
tev_msa_temp_1_fix_70_design_6_S219N_interface_reduced_temp_2_design_6,1.511,0.375,0.022,-0.111,-0.171,-0.439,2.36,-0.616,0.158,0.229,-0.016,0.017,-0.002,-0.389,93.387,0.97,me,reduced,-0.014,0
tev_msa_temp_1_fix_70_design_0_S219N_interface_reduced_temp_3_design_19,1.425,0.127,0.072,-0.252,-0.484,-0.194,1.342,-0.353,0.118,0.229,-0.018,0.005,-0.003,0.16,94.315,0.983,me,reduced,0.001666667,0
tev_msa_temp_1_fix_70_design_11_S219N_interface_reduced_temp_3_design_2,1.396,0.241,0.058,-0.318,-0.153,-0.185,2.019,-0.534,0.182,0.229,-0.019,0.015,0.002,0.09,93.531,0.991,me,reduced,0.038,0
tev_msa_temp_1_fix_70_design_0_S219N_interface_reduced_temp_2_design_19,1.434,0.132,0.102,-0.259,-0.379,-0.107,1.318,-0.357,0.191,0.229,-0.02,0.005,-0.001,-0.054,94.296,0.99,me,reduced,0.042333333,0
tev_msa_temp_1_fix_70_design_2_S219N_interface_reduced_temp_2_design_16,1.439,0.333,0.131,-0.26,-0.24,-0.325,2.686,-0.547,0.136,0.224,-0.011,0.019,0,-0.018,93.796,0.979,me,reduced,0.046333333,0
tev_msa_temp_1_fix_70_design_2_S219N_interface_reduced_temp_3_design_16,1.433,0.329,0.081,-0.274,-0.19,-0.179,2.658,-0.582,0.226,0.234,-0.006,0.018,0.003,0.005,93.773,0.991,me,reduced,0.077,0
tev_msa_temp_1_fix_70_design_14_S219N_interface_reduced_temp_2_design_3,1.405,0.462,0.102,-0.133,-0.148,-0.244,2.258,-0.56,0.201,0.224,-0.015,0.005,-0.002,-0.053,93.773,0.957,me,reduced,0.106666667,0
tev_msa_temp_1_fix_70_design_11_S219N_interface_reduced_temp_3_design_1,0.109,0.029,0.877,-0.241,-0.471,-0.084,1.098,-0.411,0.173,0.224,-0.012,0.013,0,-0.11,94.181,0.98,me,reduced,0.274,0
tev_msa_temp_2_fix_70_design_2_S219V_interface_partial_temp_1_design_6,0.63,0.86,0.133,-1.107,-1.349,-0.033,0.123,-0.46,0.646,0.248,-0.026,0.003,0.002,0.209,94.115,1,me,partial,0.32,0
tev_msa_temp_2_fix_70_design_2_S219V_interface_partial_temp_2_design_4,0.658,0.829,0.224,-1.163,-1.382,-0.057,0.311,-0.309,0.654,0.252,-0.016,0.007,0.002,0.332,93.818,1.016,me,partial,0.332,0
tev_msa_temp_2_fix_70_design_8_S219V_interface_partial_temp_1_design_4,0.726,0.965,0.85,-1.121,-1.483,-0.051,0.089,-0.459,0.691,0.248,-0.019,0.008,0.007,0.336,94.085,0.959,me,partial,0.588,0
tev_msa_temp_2_fix_70_design_4_S219N_interface_partial_temp_1_design_1,0.876,0.991,-0.036,-0.464,-0.017,1.353,-0.036,-0.258,0.649,0.248,0.012,0.002,0.014,0.719,93.133,0.964,me,partial,0.769333333,0
tev_msa_temp_1_fix_70_design_14_S219V_interface_partial_temp_3_design_9,0.735,0.862,-0.039,-1.064,-1.48,1.687,-0.229,-0.231,0.748,0.238,-0.016,-0.015,0.033,0.085,94.325,0.931,me,partial,0.836666667,0
tev_msa_temp_3_fix_70_design_10_S219V_interface_partial_temp_2_design_5,0.651,0.76,0.786,-0.06,-1.805,1.348,-0.058,-0.483,0.536,0.257,-0.017,0.008,0.008,0.853,93.6,0.998,me,partial,0.964666667,0
tev_msa_temp_1_fix_70_design_14_S219N_interface_partial_temp_3_design_5,0.737,0.668,0.91,-0.426,-0.311,2.061,0,-0.899,0.184,0.266,-0.016,-0.031,0.006,1.595,93.025,0.952,me,partial,1.213,0
tev_msa_temp_1_fix_70_design_8_S219V_interface_full_temp_2_design_13,0.686,5.007,0.127,-0.303,-0.084,-0.407,-0.5,-0.339,0.354,0.257,-0.017,0.01,-0.002,0.342,94.274,0.973,me,full,1.575666667,0
tev_msa_temp_1_fix_70_design_2_S219V_interface_full_temp_2_design_11,0.826,4.893,0.279,-0.127,-1.416,-0.096,-0.436,-0.523,0.587,0.262,-0.022,0.031,-0.004,0.989,94.8,0.979,me,full,1.692,0
tev_msa_temp_1_fix_70_design_14_S219N_interface_reduced_temp_1_design_3_ting_2,1.029,0.096,-0.028,-0.014,-0.273,-0.046,2.579,-0.537,0.309,0.238,-0.019,0.021,0.005,-0.985,93.701,0.939,ting,reduced,0.007333333,0
tev_msa_temp_1_fix_70_design_14_S219N_interface_reduced_temp_1_design_3_ting_0,1.233,0.091,-0.017,-0.16,-0.269,-0.014,2.445,-0.509,0.315,0.234,-0.016,0.024,0.009,-1.154,93.703,0.927,ting,reduced,0.02,0
tev_msa_temp_1_fix_70_design_11_S219N_interface_reduced_temp_3_design_1_ting_0,0.08,-0.115,0.838,-0.289,-0.935,-0.116,1.17,-0.513,0.098,0.229,-0.022,0.023,-0.002,-1.114,94.404,0.972,ting,reduced,0.202333333,0
tev_msa_temp_1_fix_70_design_11_S219N_interface_reduced_temp_3_design_1_ting_2,0.066,-0.025,0.826,-0.17,-0.95,-0.121,1.295,-0.538,0.109,0.234,-0.027,0.017,-0.004,-1.118,94.205,0.965,ting,reduced,0.226666667,0
tev_msa_temp_2_fix_70_design_2_S219V_interface_full_temp_1_design_4_ting_0,0.161,4.821,-0.08,-0.783,-1.135,-0.254,-0.149,-0.38,0.77,0.276,-0.023,0.007,0.003,-0.976,94.778,0.984,ting,full,1.495666667,0
tev_msa_temp_2_fix_70_design_2_S219V_interface_full_temp_2_design_7_ting_0,0.175,4.866,-0.08,-0.755,-1.155,-0.244,-0.07,-0.431,0.711,0.271,-0.021,0.012,0.002,-0.934,94.815,0.996,ting,full,1.514,0
tev_msa_temp_1_fix_70_design_14_S219N_interface_reduced_temp_3_design_1_ting_0,1.215,0.172,0.059,-0.233,-0.298,-0.448,1.272,-0.505,0.15,0.224,-0.024,0.014,0.006,-1.173,94.026,0.893,ting,reduced,-0.072333333,0
tev_msa_temp_1_fix_70_design_14_S219N_interface_reduced_temp_3_design_1_ting_2,1.135,0.229,0.025,-0.146,-0.312,-0.428,1.38,-0.539,0.146,0.229,-0.028,0.01,0.002,-1.092,94.057,0.892,ting,reduced,-0.058,0
tev_msa_temp_2_fix_70_design_8_S219V_interface_reduced_temp_3_design_0_ting_0,0.059,0.047,0.215,-0.292,2.337,-0.362,-0.311,-0.508,0.374,0.215,-0.021,-0.023,0.045,-1.051,94.157,0.952,ting,reduced,-0.033333333,0
tev_msa_temp_2_fix_70_design_8_S219V_interface_reduced_temp_3_design_0_ting_2,0.047,0.087,0.221,-0.166,2.33,-0.349,-0.164,-0.501,0.392,0.22,-0.023,-0.026,0.036,-1.044,94.005,0.973,ting,reduced,-0.013666667,0
tev_msa_temp_1_fix_70_design_2_S219N_interface_reduced_temp_3_design_16_ting_0,1.123,0.218,0.139,-0.302,-0.491,-0.237,0.055,-0.583,0.342,0.238,-0.033,-0.018,0.039,-0.941,93.9,0.984,ting,reduced,0.04,0
tev_msa_temp_1_fix_70_design_11_S219N_interface_reduced_temp_3_design_2_ting_0,1.05,0.235,0.133,-0.237,-0.331,-0.126,2.003,-0.554,0.25,0.234,-0.019,0.017,0.012,-1.271,93.658,0.957,ting,reduced,0.080666667,0
tev_msa_temp_1_fix_70_design_0_S219N_interface_reduced_temp_3_design_19_ting_0,1.032,0.232,0.126,-0.26,-0.958,-0.1,1.591,-0.27,0.134,0.234,-0.03,0.025,-0.004,-1.254,94.453,0.971,ting,reduced,0.086,0
tev_msa_temp_1_fix_70_design_0_S219N_interface_reduced_temp_2_design_19_ting_0,1.119,0.158,0.196,-0.208,-0.953,-0.021,1.509,-0.338,0.183,0.234,-0.023,0.021,0.001,-1.158,94.661,0.971,ting,reduced,0.111,0
tev_msa_temp_1_fix_70_design_0_S219N_interface_reduced_temp_3_design_19_ting_2,0.975,0.335,0.099,-0.196,-1.004,-0.101,1.645,-0.278,0.096,0.238,-0.032,0.019,-0.006,-1.209,94.392,0.971,ting,reduced,0.111,0
tev_msa_temp_1_fix_70_design_2_S219N_interface_reduced_temp_2_design_16_ting_0,1.081,0.43,0.187,-0.34,-0.432,-0.248,2.785,-0.455,0.251,0.229,-0.029,0.036,0.001,-1.054,94.22,0.976,ting,reduced,0.123,0
tev_msa_temp_1_fix_70_design_2_S219N_interface_reduced_temp_2_design_16_ting_2,1.013,0.527,0.171,-0.215,-0.441,-0.258,2.924,-0.455,0.276,0.234,-0.028,0.03,-0.001,-1.042,93.911,0.959,ting,reduced,0.146666667,0
tev_msa_temp_1_fix_70_design_14_S219N_interface_reduced_temp_2_design_3_ting_0,1.174,0.451,0.255,-0.144,-0.357,-0.204,2.38,-0.542,0.28,0.229,-0.009,0.015,0.004,-1.11,94.055,0.927,ting,reduced,0.167333333,0
tev_msa_temp_2_fix_70_design_8_S219V_interface_partial_temp_1_design_4_ting_2,0.219,0.988,0.658,-1.072,-1.483,-0.383,0.29,-0.37,0.766,0.257,-0.03,0.005,0.008,-0.965,94.165,0.925,ting,partial,0.421,0
tev_msa_temp_2_fix_70_design_8_S219V_interface_partial_temp_1_design_4_ting_0,0.235,0.981,0.658,-1.163,-1.49,-0.31,0.16,-0.348,0.761,0.252,-0.026,0.011,0.014,-1.012,94.54,0.931,ting,partial,0.443,0
tev_msa_temp_1_fix_70_design_14_S219V_interface_partial_temp_3_design_9_ting_2,0.334,0.706,-0.039,-0.833,-1.43,1.356,-0.023,-0.229,0.787,0.248,-0.028,0.008,0.031,-0.564,93.971,0.91,ting,partial,0.674333333,0
tev_msa_temp_1_fix_70_design_14_S219V_interface_partial_temp_3_design_9_ting_0,0.35,0.704,-0.04,-0.876,-1.41,1.411,-0.12,-0.225,0.788,0.243,-0.031,0.008,0.035,-0.649,94.621,0.912,ting,partial,0.691666667,0
tev_msa_temp_1_fix_70_design_14_S219N_interface_partial_temp_3_design_5_ting_0,0.298,0.685,0.539,-0.409,-0.009,2.114,-0.01,-0.983,0.115,0.271,-0.043,-0.03,0.012,-0.142,93.266,0.904,ting,partial,1.112666667,0
tev_msa_temp_1_fix_70_design_8_S219V_interface_full_temp_2_design_13_ting_2,0.221,4.944,0.137,-0.157,-0.03,-0.455,-0.336,-0.272,0.388,0.266,-0.022,0.005,-0.001,-0.992,94.32,0.933,ting,full,1.542,0
tev_msa_temp_1_fix_70_design_8_S219V_interface_full_temp_2_design_13_ting_0,0.207,4.946,0.141,-0.229,-0.094,-0.433,-0.443,-0.267,0.381,0.262,-0.02,0.014,0.002,-1.108,94.581,0.931,ting,full,1.551333333,0
